{"cameraMode":{"drawMode":0,"name":"Shaded","section":"Shading Mode"},"sceneLighting":true,"audioPlay":false,"sceneViewState":{"showFog":true,"showMaterialUpdate":false,"showSkybox":false,"showFlares":true,"showImageEffects":true,"showParticleSystems":true},"in2DMode":false,"pivot":{"x":184.2845916748047,"y":4.233919143676758,"z":1.774058222770691},"rotation":{"x":0.05302957445383072,"y":-0.9376751184463501,"z":0.16512350738048554,"w":0.3011828064918518},"size":2.641955614089966,"orthographic":false}