{"cameraMode":{"drawMode":0,"name":"Shaded","section":"Shading Mode"},"sceneLighting":true,"audioPlay":false,"sceneViewState":{"m_AlwaysRefresh":false,"showFog":true,"showSkybox":false,"showFlares":true,"showImageEffects":true,"showParticleSystems":true,"showVisualEffectGraphs":true,"m_FxEnabled":true},"in2DMode":false,"pivot":{"x":188.9348907470703,"y":21.289186477661134,"z":14.760729789733887},"rotation":{"x":-0.000618242600467056,"y":-0.9743971824645996,"z":0.22487151622772218,"w":-0.0026371278800070287},"size":3.8419554233551027,"orthographic":false}